job	gpu	status	elapsed_s	note	seg_dir	log_file	segment_status	export_status	segment_job_id	export_job_id	export_note
baseline	0	pending	0	planned queue=gpu-pro gmem=30G attempt=1	/Users/b450-admin/Desktop/Projects/Active/segger/segger-0.2.0/segger_lsf_benchmark_fixed/datasets/xenium_nsclc/runs/baseline	/Users/b450-admin/Desktop/Projects/Active/segger/segger-0.2.0/segger_lsf_benchmark_fixed/datasets/xenium_nsclc/logs/baseline.gpu0.log	pending	planned			xenium_missing_source_will_skip
use3d_true	0	pending	0	planned queue=gpu-pro gmem=30G attempt=1	/Users/b450-admin/Desktop/Projects/Active/segger/segger-0.2.0/segger_lsf_benchmark_fixed/datasets/xenium_nsclc/runs/use3d_true	/Users/b450-admin/Desktop/Projects/Active/segger/segger-0.2.0/segger_lsf_benchmark_fixed/datasets/xenium_nsclc/logs/use3d_true.gpu0.log	pending	planned			xenium_missing_source_will_skip
pred_sf1p2_fragoff	0	pending	0	planned queue=gpu-pro gmem=30G attempt=1 depends_on=segger_xenium_nsclc_baseline_cleanrun_20260305_a1	/Users/b450-admin/Desktop/Projects/Active/segger/segger-0.2.0/segger_lsf_benchmark_fixed/datasets/xenium_nsclc/runs/pred_sf1p2_fragoff	/Users/b450-admin/Desktop/Projects/Active/segger/segger-0.2.0/segger_lsf_benchmark_fixed/datasets/xenium_nsclc/logs/pred_sf1p2_fragoff.gpu0.log	pending	planned			xenium_missing_source_will_skip
pred_sf2p2_fragoff	0	pending	0	planned queue=gpu-pro gmem=30G attempt=1 depends_on=segger_xenium_nsclc_baseline_cleanrun_20260305_a1	/Users/b450-admin/Desktop/Projects/Active/segger/segger-0.2.0/segger_lsf_benchmark_fixed/datasets/xenium_nsclc/runs/pred_sf2p2_fragoff	/Users/b450-admin/Desktop/Projects/Active/segger/segger-0.2.0/segger_lsf_benchmark_fixed/datasets/xenium_nsclc/logs/pred_sf2p2_fragoff.gpu0.log	pending	planned			xenium_missing_source_will_skip
pred_sf3p2_fragoff	0	pending	0	planned queue=gpu-pro gmem=30G attempt=1 depends_on=segger_xenium_nsclc_baseline_cleanrun_20260305_a1	/Users/b450-admin/Desktop/Projects/Active/segger/segger-0.2.0/segger_lsf_benchmark_fixed/datasets/xenium_nsclc/runs/pred_sf3p2_fragoff	/Users/b450-admin/Desktop/Projects/Active/segger/segger-0.2.0/segger_lsf_benchmark_fixed/datasets/xenium_nsclc/logs/pred_sf3p2_fragoff.gpu0.log	pending	planned			xenium_missing_source_will_skip
align_0p01	0	pending	0	planned queue=gpu-pro gmem=30G attempt=1	/Users/b450-admin/Desktop/Projects/Active/segger/segger-0.2.0/segger_lsf_benchmark_fixed/datasets/xenium_nsclc/runs/align_0p01	/Users/b450-admin/Desktop/Projects/Active/segger/segger-0.2.0/segger_lsf_benchmark_fixed/datasets/xenium_nsclc/logs/align_0p01.gpu0.log	pending	planned			xenium_missing_source_will_skip
align_0p03	0	pending	0	planned queue=gpu-pro gmem=30G attempt=1	/Users/b450-admin/Desktop/Projects/Active/segger/segger-0.2.0/segger_lsf_benchmark_fixed/datasets/xenium_nsclc/runs/align_0p03	/Users/b450-admin/Desktop/Projects/Active/segger/segger-0.2.0/segger_lsf_benchmark_fixed/datasets/xenium_nsclc/logs/align_0p03.gpu0.log	pending	planned			xenium_missing_source_will_skip
align_0p10	0	pending	0	planned queue=gpu-pro gmem=30G attempt=1	/Users/b450-admin/Desktop/Projects/Active/segger/segger-0.2.0/segger_lsf_benchmark_fixed/datasets/xenium_nsclc/runs/align_0p10	/Users/b450-admin/Desktop/Projects/Active/segger/segger-0.2.0/segger_lsf_benchmark_fixed/datasets/xenium_nsclc/logs/align_0p10.gpu0.log	pending	planned			xenium_missing_source_will_skip
pred_sf1p2_fragon	1	pending	0	planned queue=gpu-pro gmem=60G attempt=1 depends_on=segger_xenium_nsclc_baseline_cleanrun_20260305_a1	/Users/b450-admin/Desktop/Projects/Active/segger/segger-0.2.0/segger_lsf_benchmark_fixed/datasets/xenium_nsclc/runs/pred_sf1p2_fragon	/Users/b450-admin/Desktop/Projects/Active/segger/segger-0.2.0/segger_lsf_benchmark_fixed/datasets/xenium_nsclc/logs/pred_sf1p2_fragon.gpu1.log	pending	planned			xenium_missing_source_will_skip
pred_sf2p2_fragon	1	pending	0	planned queue=gpu-pro gmem=60G attempt=1 depends_on=segger_xenium_nsclc_baseline_cleanrun_20260305_a1	/Users/b450-admin/Desktop/Projects/Active/segger/segger-0.2.0/segger_lsf_benchmark_fixed/datasets/xenium_nsclc/runs/pred_sf2p2_fragon	/Users/b450-admin/Desktop/Projects/Active/segger/segger-0.2.0/segger_lsf_benchmark_fixed/datasets/xenium_nsclc/logs/pred_sf2p2_fragon.gpu1.log	pending	planned			xenium_missing_source_will_skip
pred_sf3p2_fragon	1	pending	0	planned queue=gpu-pro gmem=60G attempt=1 depends_on=segger_xenium_nsclc_baseline_cleanrun_20260305_a1	/Users/b450-admin/Desktop/Projects/Active/segger/segger-0.2.0/segger_lsf_benchmark_fixed/datasets/xenium_nsclc/runs/pred_sf3p2_fragon	/Users/b450-admin/Desktop/Projects/Active/segger/segger-0.2.0/segger_lsf_benchmark_fixed/datasets/xenium_nsclc/logs/pred_sf3p2_fragon.gpu1.log	pending	planned			xenium_missing_source_will_skip
